PUHour,avg(Trip_distance)
16,16.538824752557595
6,14.158117448471927
