PUHour,avg(Trip_distance)
17,16.075216767881237
9,16.27683146657333
