PUHour,avg(total_amount)
17,57.731421284180975
9,51.8637269778319
