PUHour,avg(total_amount)
16,61.54131722749497
6,44.88974595006915
