PUWeekday,PUHour,avg(tip_amount)
Wednesday,22,2.081221846788386
Thursday,21,2.0762406883425775
