PUWeekday,PUHour,avg(tip_amount)
Tuesday,5,2.066834908886608
Tuesday,22,2.055396590933859
