PUWeekday,PUHour,avg(tip_amount)
Saturday,2,1.6883136875230997
Saturday,22,1.6809772622537749
