PUWeekday,PUHour,avg(tip_amount)
Tuesday,0,2.0086681307364684
Friday,4,2.0023730514716065
