PUWeekday,PUHour,avg(tip_amount)
Thursday,8,1.8461611482373332
Friday,9,1.8428370919092245
