PUWeekday,PUHour,avg(tip_amount)
Sunday,2,1.665882368755231
Tuesday,6,1.6543786819547253
