PUWeekday,PUHour,avg(tip_amount)
Tuesday,15,1.814241298560184
Tuesday,11,1.8134408869620875
