PUWeekday,PUHour,avg(tip_amount)
Saturday,8,1.5523298074937453
Saturday,18,1.5456611863310785
