PUWeekday,PUHour,avg(tip_amount)
Monday,22,2.0427325049233116
Monday,4,2.0366566865268116
