PUWeekday,PUHour,avg(tip_amount)
Tuesday,18,1.8862444372703235
Friday,15,1.8822385533157298
