PUWeekday,PUHour,avg(tip_amount)
Sunday,16,1.862919123940756
Thursday,11,1.8598451717673037
