PUWeekday,PUHour,avg(tip_amount)
Tuesday,1,1.7989768163761461
Friday,11,1.7944067626170603
