PUWeekday,PUHour,avg(tip_amount)
Friday,3,1.643370087026438
Sunday,3,1.6416885364415457
