PUWeekday,PUHour,avg(tip_amount)
Sunday,12,1.6012007844913936
Saturday,15,1.5951356230598845
