PUWeekday,PUHour,avg(tip_amount)
Saturday,9,1.453815311516881
Saturday,10,1.4522714717283356
