PUWeekday,PUHour,avg(tip_amount)
Wednesday,20,1.9731339564227173
Thursday,15,1.9723982730013365
