PUWeekday,PUHour,avg(tip_amount)
Wednesday,14,1.939328939293353
Monday,16,1.931622729341398
