PUWeekday,PUHour,avg(tip_amount)
Sunday,8,1.6060666534267123
Thursday,2,1.6048194212477633
