PUWeekday,PUHour,avg(tip_amount)
Monday,20,1.9157936456325388
Wednesday,13,1.9080082093209145
