PUWeekday,PUHour,avg(tip_amount)
Thursday,4,1.9951133178879707
Sunday,22,1.9902793554408278
