PUWeekday,PUHour,avg(tip_amount)
Monday,12,1.7459845787717552
Tuesday,7,1.7270218173145249
