PUWeekday,PUHour,avg(tip_amount)
Monday,10,1.815102401175829
Tuesday,13,1.8143724391107001
