PUWeekday,PUHour,avg(tip_amount)
Thursday,10,1.8521886374486827
Friday,21,1.8513878813236777
