PUWeekday,PUHour,avg(tip_amount)
Friday,23,1.922652702855168
Wednesday,19,1.9176592709585274
