PUWeekday,PUHour,avg(tip_amount)
Sunday,1,1.6911617039198446
Sunday,13,1.6906423575905347
