PUWeekday,PUHour,avg(tip_amount)
Monday,18,1.838978157416727
Monday,19,1.8384644760384072
