PUWeekday,PUHour,avg(tip_amount)
Tuesday,10,1.837243365565374
Sunday,7,1.8355614829113887
