PUWeekday,PUHour,avg(tip_amount)
Saturday,1,1.7748089584687545
Thursday,1,1.7727822792531578
