PUWeekday,PUHour,avg(tip_amount)
Wednesday,3,1.5158555047590492
Monday,3,1.5052508361204011
