PUWeekday,PUHour,avg(tip_amount)
Friday,8,1.8260174303940426
Friday,12,1.8242769797689622
