PUWeekday,PUHour,avg(total_amount)
Sunday,16,17.05551551659177
Sunday,4,17.05040396820034
