PUWeekday,PUHour,avg(total_amount)
Tuesday,20,15.760433139195866
Saturday,1,15.759476850049484
