PUWeekday,PUHour,avg(total_amount)
Sunday,13,16.767516269975697
Sunday,20,16.766376406015166
