PUWeekday,PUHour,avg(total_amount)
Monday,16,18.18727418243055
Sunday,7,18.05998278313338
