PUWeekday,PUHour,avg(total_amount)
Sunday,2,15.97836871727541
Monday,18,15.966897712656117
