PUWeekday,PUHour,avg(total_amount)
Friday,17,17.70996780800004
Sunday,22,17.623689878569994
