PUWeekday,PUHour,avg(total_amount)
Monday,19,15.647809906134801
Friday,9,15.64539018832999
