PUWeekday,PUHour,avg(total_amount)
Wednesday,21,16.410811356438657
Friday,22,16.405827827416836
