PUWeekday,PUHour,avg(total_amount)
Friday,20,15.73758447115858
Saturday,3,15.721142952916116
