PUWeekday,PUHour,avg(total_amount)
Tuesday,18,16.367706769743485
Monday,21,16.360451942167206
