PUWeekday,PUHour,avg(total_amount)
Monday,0,18.617645073619766
Sunday,23,18.60244201439363
