PUWeekday,PUHour,avg(total_amount)
Tuesday,15,16.455111908061937
Sunday,18,16.441657336249158
