PUWeekday,PUHour,avg(total_amount)
Sunday,1,15.140923481983068
Friday,8,15.039462976562426
