PUWeekday,PUHour,avg(total_amount)
Sunday,10,14.186001748421385
Saturday,11,13.979460838660781
