PUWeekday,PUHour,avg(total_amount)
Friday,14,17.406608962481076
Thursday,13,17.381578061456967
