PUWeekday,PUHour,avg(total_amount)
Sunday,21,17.00907155941748
Friday,13,16.996076421054635
