PUWeekday,PUHour,avg(total_amount)
Friday,0,17.151944756436713
Tuesday,23,17.129717574830707
