PU_Borough,PUWeekday,PUHour,avg(passenger_count)
Bronx,Monday,6,1.6209150326797386
Brooklyn,Sunday,19,1.6208535926526202
Queens,Monday,8,1.620691790151484
Manhattan,Monday,20,1.6205606658582863
Manhattan,Friday,3,1.620515464590363
Brooklyn,Wednesday,0,1.6202756404836391
