PU_Borough,PUWeekday,PUHour,avg(passenger_count)
Unknown,Friday,13,1.3733353063036402
EWR,Friday,10,1.372093023255814
Unknown,Monday,9,1.3688502310410438
EWR,Thursday,19,1.3676470588235294
EWR,Saturday,3,1.3636363636363635
EWR,Wednesday,6,1.3636363636363635
