PU_Borough,PUWeekday,PUHour,avg(passenger_count)
Unknown,Tuesday,14,1.4160810095972192
Unknown,Tuesday,19,1.4159062146140011
Bronx,Tuesday,20,1.4157303370786516
Unknown,Wednesday,19,1.4155900086132644
Unknown,Wednesday,18,1.414393751549715
Unknown,Wednesday,13,1.4108632862644417
