PU_Borough,PUWeekday,PUHour,avg(passenger_count)
EWR,Sunday,22,1.3333333333333333
Staten Island,Monday,23,1.3333333333333333
Staten Island,Wednesday,0,1.3333333333333333
Staten Island,Thursday,1,1.3333333333333333
EWR,Wednesday,23,1.3333333333333333
EWR,Tuesday,8,1.3333333333333333
EWR,Monday,22,1.3333333333333333
EWR,Wednesday,12,1.3333333333333333
