PU_Borough,PUWeekday,PUHour,avg(passenger_count)
EWR,Wednesday,9,1.3478260869565217
EWR,Tuesday,14,1.3454545454545455
EWR,Wednesday,19,1.3424657534246576
EWR,Thursday,17,1.3421052631578947
EWR,Wednesday,5,1.3396226415094339
EWR,Thursday,10,1.3392857142857142
