PU_Borough,PUWeekday,PUHour,avg(passenger_count)
Unknown,Thursday,19,1.4234696889203706
Unknown,Tuesday,20,1.4222929504977315
Unknown,Monday,11,1.422002820874471
Unknown,Monday,1,1.4219279334770558
Unknown,Thursday,18,1.4211589895988113
Unknown,Friday,0,1.4204989759821263
