PU_Borough,PUWeekday,PUHour,avg(passenger_count)
EWR,Wednesday,8,1.3055555555555556
EWR,Tuesday,5,1.2941176470588236
EWR,Friday,4,1.2926829268292683
EWR,Tuesday,19,1.2926829268292683
EWR,Friday,6,1.2891566265060241
EWR,Friday,18,1.2876712328767124
