PU_Borough,PUWeekday,PUHour,avg(passenger_count)
Queens,Friday,20,1.668060664954536
Queens,Thursday,10,1.6675406630521732
Queens,Wednesday,18,1.6667177053029143
Staten Island,Sunday,6,1.6666666666666667
EWR,Monday,15,1.6666666666666667
EWR,Wednesday,2,1.6666666666666667
Staten Island,Monday,3,1.6666666666666667
Bronx,Monday,2,1.6666666666666667
EWR,Monday,3,1.6666666666666667
EWR,Monday,2,1.6666666666666667
