PU_Borough,PUWeekday,PUHour,avg(passenger_count)
Unknown,Thursday,11,1.392378990731205
Unknown,Tuesday,8,1.392054978209856
Unknown,Monday,8,1.3909713461885025
Bronx,Tuesday,1,1.3898305084745763
Unknown,Monday,7,1.3891511908509075
Unknown,Wednesday,10,1.3889345384826075
