PU_Borough,count(PU_Borough),(CAST((count(PU_Borough) * CAST(100 AS BIGINT)) AS DOUBLE) / CAST(scalarsubquery() AS DOUBLE))
Staten Island,2433,0.0021437071867620432
Manhattan,103075708,90.81962023024491
Brooklyn,1563797,1.3778556792178065
Unknown,1770544,1.5600196865098295
Queens,6981618,6.151477468897347
Bronx,92525,0.08152343093101441
EWR,8353,0.007359797012340053
